{
  "data": [
    {
      "id": 5061908,
      "name": "[굽네] 닭가슴살 만두 3종",
      "image": "https://img-cf.kurly.com/shop/data/goods/165303911321l0.jpeg",
      "originalPrice": 2450,
      "discountedPrice": 2254,
      "isSoldOut": false
    },
    {
      "id": 5072794,
      "name": "[홍루이젠] 대만 샌드위치 3종",
      "image": "https://img-cf.kurly.com/shop/data/goods/1620977210799l0.jpg",
      "originalPrice": 2300,
      "isSoldOut": false
    },
    {
      "id": 5053097,
      "name": "[하이트진로] 석수 (2L X 6개)",
      "image": "https://img-cf.kurly.com/shop/data/goods/1637154300425l0.jpg",
      "originalPrice": 2500,
      "isSoldOut": false
    },
    {
      "id": 5119903,
      "name": "[KF365] 1+등급 무항생제 대란 20구",
      "image": "https://img-cf.kurly.com/shop/data/goods/1646377916155l0.jpg",
      "originalPrice": 6900,
      "isSoldOut": false
    },
    {
      "id": 5026468,
      "name": "[사미헌] 갈비탕",
      "image": "https://img-cf.kurly.com/shop/data/goods/1648206780555l0.jpeg",
      "originalPrice": 12000,
      "isSoldOut": false
    },
    {
      "id": 5095223,
      "name": "[마이비밀] 라이킷 식단관리 도시락 8종",
      "image": "https://img-cf.kurly.com/shop/data/goods/1640975712902l0.jpg",
      "originalPrice": 3900,
      "isSoldOut": false
    },
    {
      "id": 5069864,
      "name": "[오뗄블랙라벨] 제주돼지로 만든 비엔나 소시지 250g",
      "image": "https://img-cf.kurly.com/shop/data/goods/1621491437945l0.jpg",
      "originalPrice": 3500,
      "discountedPrice": 1750,
      "isSoldOut": false
    },
    {
      "id": 5060785,
      "name": "[탄단지] 가벼운 한식 도시락 6종",
      "image": "https://img-cf.kurly.com/shop/data/goods/1653037752231l0.jpeg",
      "originalPrice": 4300,
      "discountedPrice": 2000,
      "isSoldOut": false
    }
  ]
}