{
  "data": [
    {
      "id": 5062447,
      "name": "[그릭데이] 그릭요거트 시그니처 100g",
      "image": "https://img-cf.kurly.com/shop/data/goods/1611633736465l0.jpg",
      "originalPrice": 3300,
      "isSoldOut": false
    },
    {
      "id": 5060255,
      "name": "[이연복의 목란] 짜장면 2인분",
      "image": "https://img-cf.kurly.com/shop/data/goods/1653035157645l0.jpeg",
      "originalPrice": 9800,
      "discountedPrice": 9506,
      "isSoldOut": false
    },
    {
      "id": 5069267,
      "name": "[농심] 신라면 멀티 5입",
      "image": "https://img-cf.kurly.com/shop/data/goods/1637153888985l0.jpg",
      "originalPrice": 3680,
      "isSoldOut": false
    },
    {
      "id": 5063578,
      "name": "[KF365] 대추방울토마토 750g",
      "image": "https://img-cf.kurly.com/shop/data/goods/1637937073806l0.jpg",
      "originalPrice": 6300,
      "isSoldOut": false
    },
    {
      "id": 5031100,
      "name": "양상추 1입",
      "image": "https://img-cf.kurly.com/shop/data/goods/1655254342192l0.jpg",
      "originalPrice": 3490,
      "isSoldOut": false
    },
    {
      "id": 5069036,
      "name": "[자연실록] 닭가슴살 큐브 스테이크 4종",
      "image": "https://img-cf.kurly.com/shop/data/goods/1653037613129l0.jpeg",
      "originalPrice": 7900,
      "isSoldOut": false
    },
    {
      "id": 5029682,
      "name": "미미네 떡볶이",
      "image": "https://img-cf.kurly.com/shop/data/goods/1637921364730l0.jpg",
      "originalPrice": 5400,
      "discountedPrice": 5130,
      "isSoldOut": false
    },
    {
      "id": 5090388,
      "name": "[고래사어묵] 김치 우동 전골",
      "image": "https://img-cf.kurly.com/shop/data/goods/1653039356229l0.jpg",
      "originalPrice": 10500,
      "isSoldOut": false
    }
  ]
}